{
  "generated_utc": "2026-06-21T09:24:01.964319+00:00",
  "source": "C:\\OrthoTwin\\OrthoTwin\\measurements\\geometry\\reconstructed_structures.pkl",
  "structure_count": 14,
  "structures": {
    "vertebra_1": {
      "id": "vertebra_1",
      "name": "Vertebra 1",
      "type": "vertebra",
      "vertex_count": 7693,
      "face_count": 14976,
      "centroid": [
        7.803132718055375,
        170.39392954634084,
        159.67340439360459
      ],
      "pca_axes": [
        [
          0.0005834176815441138,
          -0.20045735696320105,
          0.9797022545973529
        ],
        [
          0.017220551744449086,
          0.9795591603570296,
          0.20041782345452147
        ],
        [
          0.9998515450912829,
          -0.016754086067547195,
          -0.004023478422411101
        ]
      ],
      "pca_variances": [
        349.9116286587687,
        129.95935021175012,
        19.88671997896648
      ],
      "pca_lengths": [
        74.79333588767395,
        56.920479343883414,
        15.600197658268046
      ],
      "bounding_box": {
        "min": [
          0.0,
          139.5,
          123.5
        ],
        "max": [
          15.0,
          192.5,
          196.5
        ],
        "dimensions": [
          15.0,
          53.0,
          73.0
        ],
        "volume_estimate": 58035.0
      },
      "volume_estimate": 58035.0,
      "surface_area": 5707.457979094952,
      "height_estimate": 15.600197658268046
    },
    "vertebra_2": {
      "id": "vertebra_2",
      "name": "Vertebra 2",
      "type": "vertebra",
      "vertex_count": 7897,
      "face_count": 15372,
      "centroid": [
        8.02526275800937,
        144.26415094339623,
        155.76180828162595
      ],
      "pca_axes": [
        [
          0.0032344653878231874,
          0.08881032252283405,
          0.9960433047046927
        ],
        [
          0.027158379102160814,
          0.9956733103817804,
          -0.08886552446213342
        ],
        [
          0.9996259103675728,
          -0.02733835413438264,
          -0.000808526452748903
        ]
      ],
      "pca_variances": [
        426.16852941487684,
        105.95307218185692,
        19.646401517449473
      ],
      "pca_lengths": [
        81.61816171492424,
        50.205962845623354,
        15.904488061216629
      ],
      "bounding_box": {
        "min": [
          0.0,
          120.5,
          115.5
        ],
        "max": [
          15.0,
          173.5,
          195.5
        ],
        "dimensions": [
          15.0,
          53.0,
          80.0
        ],
        "volume_estimate": 63600.0
      },
      "volume_estimate": 63600.0,
      "surface_area": 6038.174606192387,
      "height_estimate": 15.904488061216629
    },
    "vertebra_3": {
      "id": "vertebra_3",
      "name": "Vertebra 3",
      "type": "vertebra",
      "vertex_count": 8046,
      "face_count": 15710,
      "centroid": [
        7.705070842654735,
        113.97831220482227,
        155.04816057668407
      ],
      "pca_axes": [
        [
          0.011638388216990548,
          0.2027198856721809,
          0.9791676035657881
        ],
        [
          0.0545296343575391,
          0.9776481063399606,
          -0.20305343914034613
        ],
        [
          0.998444323383404,
          -0.05575686615070065,
          -0.00032400695848397096
        ]
      ],
      "pca_variances": [
        429.6728057282735,
        121.68670957964046,
        19.947717304378838
      ],
      "pca_lengths": [
        83.56969348794465,
        53.9474544033543,
        16.420187238458084
      ],
      "bounding_box": {
        "min": [
          0.0,
          87.5,
          114.5
        ],
        "max": [
          15.0,
          141.5,
          195.5
        ],
        "dimensions": [
          15.0,
          54.0,
          81.0
        ],
        "volume_estimate": 65610.0
      },
      "volume_estimate": 65610.0,
      "surface_area": 6299.562375751466,
      "height_estimate": 16.420187238458084
    },
    "vertebra_4": {
      "id": "vertebra_4",
      "name": "Vertebra 4",
      "type": "vertebra",
      "vertex_count": 7967,
      "face_count": 15712,
      "centroid": [
        7.803627463286055,
        85.43517007656584,
        158.1610392870591
      ],
      "pca_axes": [
        [
          0.020492987355846842,
          0.29993389112661484,
          0.9537398483983364
        ],
        [
          0.06909930165114145,
          0.9512341992133505,
          -0.3006306450750835
        ],
        [
          0.9973992801183273,
          -0.07206357748949431,
          0.0012315920014302623
        ]
      ],
      "pca_variances": [
        413.34943366598384,
        92.77569575766479,
        18.799949299118467
      ],
      "pca_lengths": [
        82.9279764926866,
        41.08078324480244,
        16.19273139276177
      ],
      "bounding_box": {
        "min": [
          0.5,
          64.5,
          116.5
        ],
        "max": [
          15.0,
          110.5,
          196.5
        ],
        "dimensions": [
          14.5,
          46.0,
          80.0
        ],
        "volume_estimate": 53360.0
      },
      "volume_estimate": 53360.0,
      "surface_area": 6286.303413463598,
      "height_estimate": 16.19273139276177
    },
    "vertebra_5": {
      "id": "vertebra_5",
      "name": "Vertebra 5",
      "type": "vertebra",
      "vertex_count": 7789,
      "face_count": 15416,
      "centroid": [
        8.014443445885222,
        57.75600205417897,
        161.90608550519963
      ],
      "pca_axes": [
        [
          0.009103481094257989,
          0.3366714588369699,
          0.9415781727698201
        ],
        [
          0.016826556078702606,
          0.9414322934531738,
          -0.33678198267429316
        ],
        [
          0.9998169800731015,
          -0.018909406338755857,
          -0.002905289902756014
        ]
      ],
      "pca_variances": [
        399.136220496092,
        91.48230189470883,
        19.071604543374768
      ],
      "pca_lengths": [
        80.77424552426666,
        68.83033904931858,
        15.15538117772751
      ],
      "bounding_box": {
        "min": [
          0.5,
          18.5,
          122.5
        ],
        "max": [
          15.0,
          88.5,
          198.5
        ],
        "dimensions": [
          14.5,
          70.0,
          76.0
        ],
        "volume_estimate": 77140.0
      },
      "volume_estimate": 77140.0,
      "surface_area": 6133.6263503913215,
      "height_estimate": 15.15538117772751
    },
    "vertebra_6": {
      "id": "vertebra_6",
      "name": "Vertebra 6",
      "type": "vertebra",
      "vertex_count": 7838,
      "face_count": 15412,
      "centroid": [
        8.264353151314111,
        34.48016075529472,
        162.6407884664455
      ],
      "pca_axes": [
        [
          0.013232238440712349,
          0.4683100494884478,
          0.8834651127316662
        ],
        [
          0.009486654992809988,
          0.8834439039034125,
          -0.4684408949194612
        ],
        [
          0.9998674468362772,
          -0.014579650339624283,
          -0.007247244516281044
        ]
      ],
      "pca_variances": [
        356.5919988227977,
        140.76066223296567,
        17.25328703600692
      ],
      "pca_lengths": [
        81.2159671174194,
        114.935141348815,
        14.130977579843341
      ],
      "bounding_box": {
        "min": [
          1.5,
          11.5,
          127.5
        ],
        "max": [
          15.0,
          130.5,
          198.5
        ],
        "dimensions": [
          13.5,
          119.0,
          71.0
        ],
        "volume_estimate": 114061.5
      },
      "volume_estimate": 114061.5,
      "surface_area": 6010.129558629664,
      "height_estimate": 14.130977579843341
    },
    "vertebra_7": {
      "id": "vertebra_7",