{
  "generated_utc": "2026-06-21T10:14:16.655562+00:00",
  "scope": "Presentation dataset assembled from existing frozen V1 outputs only.",
  "patient": {
    "id": "patient_alpha",
    "disc_count": 6,
    "canal_level_count": 8
  },
  "repository": {
    "total_files": 148946,
    "total_reports": 65,
    "total_state_files": 71,
    "total_visualizations": 104,
    "total_simulation_outputs": 53,
    "classification": "Digital Twin Prototype"
  },
  "mesh": {
    "structure_count": 14,
    "vertebra_count": 8,
    "disc_count": 6,
    "vertex_count": 75312,
    "face_count": 147636
  },
  "disc_heights": {
    "disc_1_201": {
      "disc_name": "Disc 1 (201)",
      "mean_height": 14.178814868882478,
      "maximum_height": 16.357344960706456,
      "minimum_height": 9.505047144780889,
      "anterior_height": 15.33417299441632,
      "posterior_height": 13.340164283802267,
      "left_height": 16.357344960706456,
      "right_height": 9.505047144780889,
      "height_axis": [
        -0.1844430937079675,
        0.8305600870331767,
        0.5255004158046656
      ],
      "method": "mesh_vertex_projection_on_local_minor_pca_axis",
      "uses_bounding_box": false,
      "units": "voxel units"
    },
    "disc_2_202": {
      "disc_name": "Disc 2 (202)",
      "mean_height": 13.41727979326836,
      "maximum_height": 17.096713710594813,
      "minimum_height": 8.189519509106653,
      "anterior_height": 8.189519509106653,
      "posterior_height": 8.567149180422057,
      "left_height": 16.570599320624083,
      "right_height": 16.6624172455942,
      "height_axis": [
        0.9737639294809974,
        -0.22395941533194685,
        -0.04032356539171292
      ],
      "method": "mesh_vertex_projection_on_local_minor_pca_axis",
      "uses_bounding_box": false,
      "units": "voxel units"
    },
    "disc_3_203": {
      "disc_name": "Disc 3 (203)",
      "mean_height": 12.798837981126628,
      "maximum_height": 13.986189730171958,
      "minimum_height": 11.106911831633681,
      "anterior_height": 11.106911831633681,
      "posterior_height": 12.707661266271558,
      "left_height": 12.997339889109881,
      "right_height": 13.196087188446057,
      "height_axis": [
        -0.31666899853506997,
        0.9477404595793137,
        0.03884284545687544
      ],
      "method": "mesh_vertex_projection_on_local_minor_pca_axis",
      "uses_bounding_box": false,
      "units": "voxel units"
    },
    "disc_4_204": {
      "disc_name": "Disc 4 (204)",
      "mean_height": 19.234123457553615,
      "maximum_height": 23.86334651166532,
      "minimum_height": 10.100926470208655,
      "anterior_height": 23.86334651166532,
      "posterior_height": 10.100926470208655,
      "left_height": 23.386523522552096,
      "right_height": 14.956474271676683,
      "height_axis": [
        0.7511887775347535,
        -0.6533342115986884,
        0.09417976672599293
      ],
      "method": "mesh_vertex_projection_on_local_minor_pca_axis",
      "uses_bounding_box": false,
      "units": "voxel units"
    },
    "disc_5_205": {
      "disc_name": "Disc 5 (205)",
      "mean_height": 10.00307835054343,
      "maximum_height": 10.752192753395526,
      "minimum_height": 8.6813597125468,
      "anterior_height": 10.365591417763795,
      "posterior_height": 9.464055115615501,
      "left_height": 10.752192753395526,
      "right_height": 8.6813597125468,
      "height_axis": [
        -0.10053294484944585,
        0.9932398750833914,
        -0.05803169430774646
      ],
      "method": "mesh_vertex_projection_on_local_minor_pca_axis",
      "uses_bounding_box": false,
      "units": "voxel units"
    },
    "disc_6_206_207": {
      "disc_name": "Disc 6 (206/207)",
      "mean_height": 10.998313555776669,
      "maximum_height": 14.85612584289715,
      "minimum_height": 5.3387597976003,
      "anterior_height": 5.3387597976003,
      "posterior_height": 6.56329804942068,
      "left_height": 13.590733886058043,
      "right_height": 14.642650202907172,
      "height_axis": [
        0.9998901343228668,
        0.012618292966482312,
        0.007778043867933383
      ],
      "method": "mesh_vertex_projection_on_local_minor_pca_axis",
      "uses_bounding_box": false,
      "units": "voxel units"
    }
  },
  "curvature": {
    "generated_utc": "2026-06-20T23:33:47.075027+00:00",
    "global_curvature": 0.17254478240509424,
    "maximum_local_curvature": 0.4116449461593809,
    "local_curvature": [
      {
        "at_node": "vertebra_2",
        "angle_degrees": 12.46631793974284,
        "curvature_estimate": 0.4116449461593809
      },
      {
        "at_node": "vertebra_3",
        "angle_degrees": 3.890924853475223,
        "curvature_estimate": 0.12988694813467702
      },
      {
        "at_node": "vertebra_4",
        "angle_degrees": 1.897501585961866,
        "curvature_estimate": 0.06598371938339949
      },
      {
        "at_node": "vertebra_5",
        "angle_degrees": 2.448448552587491,
        "curvature_estimate": 0.09045336586396588
      },
      {
        "at_node": "vertebra_6",
        "angle_degrees": 4.01622976882972,
        "curvature_estimate": 0.16475493248404793
      }
    ],
    "curvature_peaks": [
      {
        "at_node": "vertebra_2",
        "angle_degrees": 12.46631793974284,
        "curvature_estimate": 0.4116449461593809
      },
      {
        "at_node": "vertebra_6",
        "angle_degrees": 4.01622976882972,
        "curvature_estimate": 0.16475493248404793
      },
      {
        "at_node": "vertebra_3",
        "angle_degrees": 3.890924853475223,
        "curvature_estimate": 0.12988694813467702
      }
    ],
    "centerline_length": 166.83652375411722,
    "method": "angle_change_per_centerline_segment_length"
  },
  "alignment": {
    "patient_id": "patient_alpha",
    "vertebral_pair_alignment": {
      "vertebra_1__vertebra_2": {
        "above": "vertebra_1",
        "below": "vertebra_2",
        "angle_difference_degrees": 18.202620311918555,
        "tilt_difference_degrees": 18.200892134118945,
        "orientation_difference_degrees": 81.95504566362789
      },
      "vertebra_2__vertebra_3": {
        "above": "vertebra_2",
        "below": "vertebra_3",
        "angle_difference_degrees": 10.096141384536779,
        "tilt_difference_degrees": 10.073895788092997,
        "orientation_difference_degrees": 87.69154052773379
      },
      "vertebra_3__vertebra_4": {
        "above": "vertebra_3",
        "below": "vertebra_4",
        "angle_difference_degrees": 6.330828994699551,
        "tilt_difference_degrees": 6.330700788449477,
        "orientation_difference_degrees": 94.03010079417561
      },
      "vertebra_4__vertebra_5": {
        "above": "vertebra_4",
        "below": "vertebra_5",
        "angle_difference_degrees": 1.0890469573676624,
        "tilt_difference_degrees": 1.0099082119804308,
        "orientation_difference_degrees": 100.66585431468901
      },
      "vertebra_5__vertebra_6": {
        "above": "vertebra_5",
        "below": "vertebra_6",
        "angle_difference_degrees": 6.602873634879557,
        "tilt_difference_degrees": 6.602726812278462,
        "orientation_difference_degrees": 97.49807274729051
      },
      "vertebra_6__vertebra_7": {
        "above": "vertebra_6",
        "below": "vertebra_7",
        "angle_difference_degrees": 12.789752775122631,
        "tilt_difference_degrees": 12.772711704643868,
        "orientation_difference_degrees": 100.38852674317087
      }
    },
    "disc_alignment": {
      "disc_1_201": {
        "disc_name": "Disc 1 (201)",
        "disc_angle_degrees": 125.79084702648754,
        "disc_tilt_degrees": 121.76589306413977
      },
      "disc_2_202": {
        "disc_name": "Disc 2 (202)",
        "disc_angle_degrees": 109.16573394393457,
        "disc_tilt_degrees": 105.17496618738325
      },
      "disc_3_203": {
        "disc_name": "Disc 3 (203)",
        "disc_angle_degrees": 97.5576686743756,