{
  "patient_id": "patient_alpha",
  "relative_vertebral_metrics": {
    "vertebra_1": {
      "vertebra_name": "Vertebra 1",
      "relative_height": {
        "to_previous": null,
        "to_next": 1.1777777777777778
      },
      "relative_width": {
        "to_previous": null,
        "to_next": 0.9125
      },
      "relative_volume": {
        "to_previous": null,
        "to_next": 0.9505464970435406
      },
      "relative_pca_lengths": {
        "to_previous": [
          null,
          null,
          null
        ],
        "to_next": [
          0.9509363853549413,
          1.3114136782331876,
          0.9098252317365
        ]
      }
    },
    "vertebra_2": {
      "vertebra_name": "Vertebra 2",
      "relative_height": {
        "to_previous": 0.8490566037735849,
        "to_next": 0.8333333333333334
      },
      "relative_width": {
        "to_previous": 1.095890410958904,
        "to_next": 0.9876543209876543
      },
      "relative_volume": {
        "to_previous": 1.0520263901979265,
        "to_next": 0.9131715298609218
      },
      "relative_pca_lengths": {
        "to_previous": [
          1.051595054517496,
          0.7625358928292237,
          1.0991121867343596
        ],
        "to_next": [
          0.9587793398737396,
          0.8308821437623787,
          0.9824761388551304
        ]
      }
    },
    "vertebra_3": {
      "vertebra_name": "Vertebra 3",
      "relative_height": {
        "to_previous": 1.2,
        "to_next": 1.173913043478261
      },
      "relative_width": {
        "to_previous": 1.0125,
        "to_next": 1.0125
      },
      "relative_volume": {
        "to_previous": 1.0950845129307771,
        "to_next": 1.1658294652508425
      },
      "relative_pca_lengths": {
        "to_previous": [
          1.0429928539466533,
          1.2035401260061098,
          1.0178364241652627
        ],
        "to_next": [
          1.0082725884929704,
          1.3288319509651145,
          1.1316387963245693
        ]
      }
    },
    "vertebra_4": {
      "vertebra_name": "Vertebra 4",
      "relative_height": {
        "to_previous": 0.8518518518518519,
        "to_next": 0.9387755102040817
      },
      "relative_width": {
        "to_previous": 0.9876543209876543,
        "to_next": 1.0526315789473684
      },
      "relative_volume": {
        "to_previous": 0.857758385601309,
        "to_next": 1.1483753194596569
      },
      "relative_pca_lengths": {
        "to_previous": [
          0.9917952857318721,
          0.7525406047572172,
          0.8836741929031448
        ],
        "to_next": [
          1.0442133971275214,
          0.9571553128585139,
          1.0694840346908028
        ]
      }
    },
    "vertebra_5": {
      "vertebra_name": "Vertebra 5",
      "relative_height": {
        "to_previous": 1.065217391304348,
        "to_next": 0.875
      },
      "relative_width": {
        "to_previous": 0.95,
        "to_next": 1.0704225352112675
      },
      "relative_volume": {
        "to_previous": 0.8707954473198957,
        "to_next": 1.0395475937452558
      },
      "relative_pca_lengths": {
        "to_previous": [
          0.9576586574648956,
          1.0447625234545603,
          0.9350303207556613
        ],
        "to_next": [
          0.9930619100230065,
          0.8701745684767035,
          1.1199354218237858
        ]
      }
    },
    "vertebra_6": {
      "vertebra_name": "Vertebra 6",
      "relative_height": {
        "to_previous": 1.1428571428571428,
        "to_next": 2.074074074074074
      },
      "relative_width": {
        "to_previous": 0.9342105263157895,
        "to_next": 1.0289855072463767
      },
      "relative_volume": {
        "to_previous": 0.9619569185834246,
        "to_next": 1.7858207943608513
      },
      "relative_pca_lengths": {
        "to_previous": [
          1.0069865633823705,
          1.1491946975082992,
          0.8929086271523817
        ],
        "to_next": [
          1.1588526670655783,
          1.8284160028287768,
          1.0152418951795719
        ]
      }
    },
    "vertebra_7": {
      "vertebra_name": "Vertebra 7",
      "relative_height": {
        "to_previous": 0.48214285714285715,
        "to_next": 0.1330049261083744
      },
      "relative_width": {
        "to_previous": 0.971830985915493,
        "to_next": 1.725
      },
      "relative_volume": {
        "to_previous": 0.5599666008805222,
        "to_next": 0.4041748849441157
      },
      "relative_pca_lengths": {
        "to_previous": [
          0.8629224649688889,
          0.5469214874803552,
          0.9849869324227642
        ],
        "to_next": [
          0.33651247276992174,
          0.6893791195345166,
          1.4312713984563121
        ]
      }
    },
    "vertebra_8_100": {
      "vertebra_name": "Vertebra 8 (100)",
      "relative_height": {
        "to_previous": 7.518518518518518,
        "to_next": null
      },
      "relative_width": {
        "to_previous": 0.5797101449275363,
        "to_next": null
      },
      "relative_volume": {
        "to_previous": 2.4741764945099636,
        "to_next": null
      },
      "relative_pca_lengths": {
        "to_previous": [
          2.971658054064801,
          1.450580633592763,
          0.6986795104538126
        ],
        "to_next": [
          null,
          null,
          null
        ]
      }
    }
  }
}