{
    "class_0": 0.9740730775727167,
    "class_1": 0.5950215737024943,
    "class_2": 0.6398337788052029,
    "class_3": 0.6216283606158363,
    "class_4": 0.605708587831921,
    "class_5": 0.6066304683685303,
    "class_6": 0.575343973769082,
    "class_7": 0.4132471814019872,
    "class_8": 0.6940881106588576,
    "class_9": 0.46401847269799973,
    "class_10": 0.4999993441419469,
    "class_11": 0.4840495528653264,
    "class_12": 0.4161892862783538,
    "class_13": 0.4418671548366547,
    "class_14": 0.48626729316181605
}